City1,City2,Pop1,Pop2,Dist,Multiplier,Gravity Score
"New York-Newark-Jersey City, NY-NJ Metro Area","Philadelphia-Camden-Wilmington, PA-NJ-DE-MD Metro Area",19940274,6330422,89.02463488959359,0.16847872317442086,3271.751552229296
"New York-Newark-Jersey City, NY-NJ Metro Area","Washington-Arlington-Alexandria, DC-VA-MD-WV Metro Area",19940274,6436489,133.35672671188814,0.7832308777653977,2421.0015457302757
"Boston-Cambridge-Newton, MA-NH Metro Area","New York-Newark-Jersey City, NY-NJ Metro Area",5025517,19940274,128.54793070501125,0.7165474079650993,1980.4920385214446
"Baltimore-Columbia-Towson, MD Metro Area","New York-Newark-Jersey City, NY-NJ Metro Area",2859024,19940274,121.03351919049334,0.6123452266750659,1214.5445146296659
"Dallas-Fort Worth-Arlington, TX Metro Area","Houston-Pasadena-The Woodlands, TX Metro Area",8344032,7796182,141.01373931194843,0.8894105052119441,1142.477958350409
"Los Angeles-Long Beach-Anaheim, CA Metro Area","San Diego-Chula Vista-Carlsbad, CA Metro Area",12927614,3298799,100.17599516885113,0.32311439400568714,1106.3747381486282
"Los Angeles-Long Beach-Anaheim, CA Metro Area","Riverside-San Bernardino-Ontario, CA Metro Area",12927614,4744214,81.11029003686963,0.05873067496837407,1047.524622951039
"Philadelphia-Camden-Wilmington, PA-NJ-DE-MD Metro Area","Washington-Arlington-Alexandria, DC-VA-MD-WV Metro Area",6330422,6436489,104.4221973451998,0.3819963873752514,1022.2235367250187
"New York-Newark-Jersey City, NY-NJ Metro Area","Providence-Warwick, RI-MA Metro Area",19940274,1700901,115.86303394150782,0.5406462200088339,761.5164569560716
"Chicago-Naperville-Elgin, IL-IN Metro Area","Detroit-Warren-Dearborn, MI Metro Area",9408576,4400578,145.42294408164074,0.9505528520036658,698.9817246402121
"Hartford-West Hartford-East Hartford, CT Metro Area","New York-Newark-Jersey City, NY-NJ Metro Area",1169048,19940274,96.04332863662101,0.2658067969475929,618.1370357752108
"Las Vegas-Henderson-North Las Vegas, NV Metro Area","Los Angeles-Long Beach-Anaheim, CA Metro Area",2398871,12927614,142.31935143221176,0.9075154001311673,538.2454848667921
"Baltimore-Columbia-Towson, MD Metro Area","Philadelphia-Camden-Wilmington, PA-NJ-DE-MD Metro Area",2859024,6330422,92.2815635602346,0.21364248232324554,480.8769458980458
"Austin-Round Rock-San Marcos, TX Metro Area","Houston-Pasadena-The Woodlands, TX Metro Area",2550637,7796182,112.70321570833028,0.4968290891874802,460.96548893135036
"Allentown-Bethlehem-Easton, PA-NJ Metro Area","New York-Newark-Jersey City, NY-NJ Metro Area",886418,19940274,88.15483823101602,0.15641727179829415,452.01549611574717
"Chicago-Naperville-Elgin, IL-IN Metro Area","Indianapolis-Carmel-Greenwood, IN Metro Area",9408576,2174833,119.39969513579614,0.5896890239884478,443.2098720697001
"Albany-Schenectady-Troy, NY Metro Area","New York-Newark-Jersey City, NY-NJ Metro Area",913485,19940274,108.5243307305401,0.4388805819484771,440.01228443660773
"Austin-Round Rock-San Marcos, TX Metro Area","Dallas-Fort Worth-Arlington, TX Metro Area",2550637,8344032,125.63379035431895,0.6761370870050658,432.92174972984185
"Houston-Pasadena-The Woodlands, TX Metro Area","San Antonio-New Braunfels, TX Metro Area",7796182,2763006,128.15169151595805,0.7110527677351667,427.3831059982139
"New York-Newark-Jersey City, NY-NJ Metro Area","Pittsburgh, PA Metro Area",19940274,2429917,173.46528196784533,0.8674158818325646,423.0862767252103
"Miami-Fort Lauderdale-West Palm Beach, FL Metro Area","Tampa-St. Petersburg-Clearwater, FL Metro Area",6457988,3424560,134.1801663023851,0.7946494966851336,413.91105150044257
"Boston-Cambridge-Newton, MA-NH Metro Area","Philadelphia-Camden-Wilmington, PA-NJ-DE-MD Metro Area",5025517,6330422,157.55142948721502,0.953617853225598,413.16688658984566
"Los Angeles-Long Beach-Anaheim, CA Metro Area","Phoenix-Mesa-Chandler, AZ Metro Area",12927614,5186958,188.59732681687112,0.7854487969433774,412.7528742565039
"Riverside-San Bernardino-Ontario, CA Metro Area","San Diego-Chula Vista-Carlsbad, CA Metro Area",4744214,3298799,90.58096240997445,0.19006028310257686,412.20589703717246
"New York-Newark-Jersey City, NY-NJ Metro Area","Virginia Beach-Chesapeake-Norfolk, VA-NC Metro Area",19940274,1794278,163.44604373279293,0.9216879752033689,399.3760388914951
"Los Angeles-Long Beach-Anaheim, CA Metro Area","San Francisco-Oakland-Fremont, CA Metro Area",12927614,4648486,185.20579891416997,0.8038199859187163,399.341842880372
"New York-Newark-Jersey City, NY-NJ Metro Area","Worcester, MA Metro Area",19940274,881248,116.37737931054245,0.5477786360717933,392.49089825305646
"Chicago-Naperville-Elgin, IL-IN Metro Area","Milwaukee-Waukesha, WI Metro Area",9408576,1574452,89.34773320403897,0.17295912048448245,385.52510790525173
"Chicago-Naperville-Elgin, IL-IN Metro Area","St. Louis, MO-IL Metro Area",9408576,2811927,154.52972509364753,0.9699857865094809,372.18727568250796
"Dallas-Fort Worth-Arlington, TX Metro Area","San Antonio-New Braunfels, TX Metro Area",8344032,2763006,150.97654461488202,0.9892326132824216,357.1102704972183
"Miami-Fort Lauderdale-West Palm Beach, FL Metro Area","Orlando-Kissimmee-Sanford, FL Metro Area",6457988,2940513,133.9728137377771,0.7917741431745507,356.108530319887
"Chicago-Naperville-Elgin, IL-IN Metro Area","Cincinnati, OH-KY-IN Metro Area",9408576,2302815,150.87325427150063,0.9897921152154816,336.55789030033833
"New York-Newark-Jersey City, NY-NJ Metro Area","Rochester, NY Metro Area",19940274,1057218,150.29759920108106,0.9929103169188692,332.7042035735291
"Kiryas Joel-Poughkeepsie-Newburgh, NY Metro Area","New York-Newark-Jersey City, NY-NJ Metro Area",711730,19940274,84.59163823675195,0.1070064548557288,325.45162817335364
"Atlanta-Sandy Springs-Roswell, GA Metro Area","Charlotte-Concord-Gastonia, NC-SC Metro Area",6411149,2883370,141.5271638985135,0.8965301528043941,323.14800469512824
"Bakersfield-Delano, CA Metro Area","Los Angeles-Long Beach-Anaheim, CA Metro Area",922529,12927614,96.52036969060717,0.27242191488387024,315.7003881990526
"Pittsburgh, PA Metro Area","Washington-Arlington-Alexandria, DC-VA-MD-WV Metro Area",2429917,6436489,128.3600314393217,0.7139418129281732,309.6733145026049
"New York-Newark-Jersey City, NY-NJ Metro Area","Richmond, VA Metro Area",19940274,1370165,163.07622580615308,0.923691200655637,307.8355573533729
"New York-Newark-Jersey City, NY-NJ Metro Area","Scranton--Wilkes-Barre, PA Metro Area",19940274,574009,95.60344770193717,0.25970697757871813,303.9165371709132
"Fresno, CA Metro Area","Los Angeles-Long Beach-Anaheim, CA Metro Area",1189557,12927614,133.92180612759645,0.7910668217518488,288.520493211664
"Sacramento-Roseville-Folsom, CA Metro Area","San Francisco-Oakland-Fremont, CA Metro Area",2463127,4648486,87.04242510121198,0.14099146308429117,286.09145069769045
"Chicago-Naperville-Elgin, IL-IN Metro Area","Grand Rapids-Wyoming-Kentwood, MI Metro Area",9408576,1178826,105.05983004649607,0.39083842619739434,276.69210161458255
"Harrisburg-Carlisle, PA Metro Area","New York-Newark-Jersey City, NY-NJ Metro Area",615361,19940274,115.63437035869697,0.5374753470716184,276.1457004830694
"Lancaster, PA Metro Area","New York-Newark-Jersey City, NY-NJ Metro Area",563293,19940274,106.74358583910218,0.4141870312092854,275.94525031872064
"New Haven, CT Metro Area","New York-Newark-Jersey City, NY-NJ Metro Area",576718,19940274,85.10374674876161,0.11410785247089811,269.85972380931184
"Virginia Beach-Chesapeake-Norfolk, VA-NC Metro Area","Washington-Arlington-Alexandria, DC-VA-MD-WV Metro Area",1794278,6436489,115.2228739997167,0.5317691359976296,260.9930135358662
"Chicago-Naperville-Elgin, IL-IN Metro Area","Columbus, OH Metro Area",9408576,2225377,159.33036022754376,0.9439817618407711,259.6163720900862
"Orlando-Kissimmee-Sanford, FL Metro Area","Tampa-St. Petersburg-Clearwater, FL Metro Area",2940513,3424560,87.80819909624219,0.15161043444394653,255.8681616607906
"Cleveland, OH Metro Area","Detroit-Warren-Dearborn, MI Metro Area",2171877,4400578,92.50015654127135,0.2166737064443511,254.0886453320474
"New York-Newark-Jersey City, NY-NJ Metro Area","Syracuse, NY Metro Area",19940274,655189,130.4033379724246,0.7422763002505852,253.56062531308714
"Atlanta-Sandy Springs-Roswell, GA Metro Area","Nashville-Davidson--Murfreesboro--Franklin, TN Metro Area",6411149,2150553,137.44318025812436,0.8398976403502685,250.23671177794898
"Phoenix-Mesa-Chandler, AZ Metro Area","Riverside-San Bernardino-Ontario, CA Metro Area",5186958,4744214,167.50496327203666,0.8997016669581224,248.26957372498418
"Dallas-Fort Worth-Arlington, TX Metro Area","Oklahoma City, OK Metro Area",8344032,1497821,128.62481365642606,0.71761354218279,246.81363438658187
"Buffalo-Cheektowaga, NY Metro Area","New York-Newark-Jersey City, NY-NJ Metro Area",1160172,19940274,165.37573679714413,0.9112352362117887,246.04115635394345
"Los Angeles-Long Beach-Anaheim, CA Metro Area","San Jose-Sunnyvale-Santa Clara, CA Metro Area",12927614,1995484,170.07510564227385,0.8857797496005958,244.41010249690527
"Portland-Vancouver-Hillsboro, OR-WA Metro Area","Seattle-Tacoma-Bellevue, WA Metro Area",2537904,4145494,112.64620808074122,0.49603856565367144,244.02691735490464
"Richmond, VA Metro Area","Washington-Arlington-Alexandria, DC-VA-MD-WV Metro Area",1370165,6436489,94.91023375706203,0.25009419485886014,234.54436311885723
"New York-Newark-Jersey City, NY-NJ Metro Area","Springfield, MA Metro Area",19940274,464151,103.53294570624587,0.3696651542087264,233.9741174850926
"New York-Newark-Jersey City, NY-NJ Metro Area","Waterbury-Shelton, CT Metro Area",19940274,462220,87.63215975000854,0.14916930065256756,233.36442330952283
"New York-Newark-Jersey City, NY-NJ Metro Area","Reading, PA Metro Area",19940274,439117,97.55047508910644,0.28670636407525174,230.7399716628718
"Philadelphia-Camden-Wilmington, PA-NJ-DE-MD Metro Area","Pittsburgh, PA Metro Area",6330422,2429917,152.6662923143246,0.9800796075582524,227.5343042635504
"Bridgeport-Stamford-Danbury, CT Metro Area","New York-Newark-Jersey City, NY-NJ Metro Area",972679,19940274,79.27798804022065,0.03332218297082696,225.38016607286312
"Las Vegas-Henderson-North Las Vegas, NV Metro Area","Riverside-San Bernardino-Ontario, CA Metro Area",2398871,4744214,129.92950696698836,0.7357056959878416,221.9010475548172
"Chicago-Naperville-Elgin, IL-IN Metro Area","Minneapolis-St. Paul-Bloomington, MN-WI Metro Area",9408576,3757952,187.78295364294974,0.7898600840988336,221.6585305314946
"New York-Newark-Jersey City, NY-NJ Metro Area","York-Hanover, PA Metro Area",19940274,471240,114.92872507822426,0.527690179290986,212.98952466316712
"Columbus, OH Metro Area","Detroit-Warren-Dearborn, MI Metro Area",2225377,4400578,119.0251805718834,0.5844956386635697,212.92416173730874
"Detroit-Warren-Dearborn, MI Metro Area","New York-Newark-Jersey City, NY-NJ Metro Area",4400578,19940274,233.18668982091802,0.5439176530053011,206.2291148238723
"Philadelphia-Camden-Wilmington, PA-NJ-DE-MD Metro Area","Virginia Beach-Chesapeake-Norfolk, VA-NC Metro Area",6330422,1794278,138.79496358074843,0.8586427903299811,203.58370096355216
"Detroit-Warren-Dearborn, MI Metro Area","Pittsburgh, PA Metro Area",4400578,2429917,133.90438345478844,0.7908252219263682,200.65328748720708
"Atlantic City-Hammonton, NJ Metro Area","New York-Newark-Jersey City, NY-NJ Metro Area",372989,19940274,94.50565207962097,0.24448386952361734,197.9255588472607
"Chicago-Naperville-Elgin, IL-IN Metro Area","Cleveland, OH Metro Area",9408576,2171877,170.74717906768444,0.882139270071093,190.4741023360987
"Los Angeles-Long Beach-Anaheim, CA Metro Area","Sacramento-Roseville-Folsom, CA Metro Area",12927614,2463127,190.2595388945635,0.7764449458554781,188.84338519231545
"Las Vegas-Henderson-North Las Vegas, NV Metro Area","Phoenix-Mesa-Chandler, AZ Metro Area",2398871,5186958,152.29720194959108,0.9820788919616318,185.90622550879837
"Cleveland, OH Metro Area","New York-Newark-Jersey City, NY-NJ Metro Area",2171877,19940274,205.52453120161516,0.693757712718878,183.8682556395708
"Philadelphia-Camden-Wilmington, PA-NJ-DE-MD Metro Area","Providence-Warwick, RI-MA Metro Area",6330422,1700901,144.60896640158452,0.9392654411905385,183.0932206783896
"Atlanta-Sandy Springs-Roswell, GA Metro Area","Birmingham, AL Metro Area",6411149,1192583,110.54618129639567,0.4669175398390053,181.08937642975417
"Austin-Round Rock-San Marcos, TX Metro Area","San Antonio-New Braunfels, TX Metro Area",2550637,2763006,86.52258670307003,0.13378287530598615,173.7017744489703
"Chicago-Naperville-Elgin, IL-IN Metro Area","Louisville/Jefferson County, KY-IN Metro Area",9408576,1394234,157.0544896436728,0.9563096712017431,172.59644872914146
"Phoenix-Mesa-Chandler, AZ Metro Area","San Diego-Chula Vista-Carlsbad, CA Metro Area",5186958,3298799,167.68041032110045,0.8987513074192996,171.88568878291446
"Raleigh-Cary, NC Metro Area","Washington-Arlington-Alexandria, DC-VA-MD-WV Metro Area",1562009,6436489,144.07816380422517,0.9319048130997827,171.76816755339016
"Cincinnati, OH-KY-IN Metro Area","Detroit-Warren-Dearborn, MI Metro Area",2302815,4400578,145.01097874475866,0.9448401376232965,171.70465768276313
"Chicago-Naperville-Elgin, IL-IN Metro Area","Madison, WI Metro Area",9408576,707606,104.08645466984956,0.3773406509871048,167.51112273508375
"Philadelphia-Camden-Wilmington, PA-NJ-DE-MD Metro Area","Richmond, VA Metro Area",6330422,1370165,134.50274568013708,0.7991226979113374,161.83760504108704
"Manchester-Nashua, NH Metro Area","New York-Newark-Jersey City, NY-NJ Metro Area",430462,19940274,133.9509670880456,0.7914711961571422,160.99720667398483
"Detroit-Warren-Dearborn, MI Metro Area","Indianapolis-Carmel-Greenwood, IN Metro Area",4400578,2174833,146.52356223040954,0.9658150999717902,160.01689808455444
"Boston-Cambridge-Newton, MA-NH Metro Area","Hartford-West Hartford-East Hartford, CT Metro Area",5025517,1169048,93.5062724119367,0.23062549337421237,156.41311805826646
"Atlanta-Sandy Springs-Roswell, GA Metro Area","Greenville-Anderson-Greer, SC Metro Area",6411149,996680,109.36908410952121,0.45059475871027577,153.09909042261037
"Los Angeles-Long Beach-Anaheim, CA Metro Area","Santa Maria-Santa Barbara, CA Metro Area",12927614,444500,91.31655229685295,0.20026069208996583,152.0697977994618
"Hartford-West Hartford-East Hartford, CT Metro Area","Philadelphia-Camden-Wilmington, PA-NJ-DE-MD Metro Area",1169048,6330422,124.95550959609452,0.6667313824602066,151.56150727585933
"Bridgeport-Stamford-Danbury, CT Metro Area","Philadelphia-Camden-Wilmington, PA-NJ-DE-MD Metro Area",972679,6330422,108.29295789237521,0.43567213982610103,149.07313314263882
"Dallas-Fort Worth-Arlington, TX Metro Area","Tulsa, OK Metro Area",8344032,1059803,145.69983595618584,0.954392505615042,148.92689886543243
"Boston-Cambridge-Newton, MA-NH Metro Area","Washington-Arlington-Alexandria, DC-VA-MD-WV Metro Area",5025517,6436489,201.90024101570202,0.7133897257280726,148.52356446639035
"Phoenix-Mesa-Chandler, AZ Metro Area","Tucson, AZ Metro Area",5186958,1080149,98.21734662519582,0.29595385718452466,147.13105285008098
"New York-Newark-Jersey City, NY-NJ Metro Area","Norwich-New London-Willimantic, CT Metro Area",19940274,282602,101.46149817121403,0.34094043622367093,144.84379165272094
"Charlotte-Concord-Gastonia, NC-SC Metro Area","Washington-Arlington-Alexandria, DC-VA-MD-WV Metro Area",2883370,6436489,178.78536232913183,0.8385981322857182,142.94943585383916
"Cape Coral-Fort Myers, FL Metro Area","Miami-Fort Lauderdale-West Palm Beach, FL Metro Area",860959,6457988,104.05800694681159,0.3769461670295037,139.93113053710604
"Atlanta-Sandy Springs-Roswell, GA Metro Area","Knoxville, TN Metro Area",6411149,957608,115.89084184182754,0.5410318315586954,137.80664281185156
"Los Angeles-Long Beach-Anaheim, CA Metro Area","Oxnard-Thousand Oaks-Ventura, CA Metro Area",12927614,835427,79.57718945384819,0.03747120247618885,136.84496651141194
"New York-Newark-Jersey City, NY-NJ Metro Area","Portland-South Portland, ME Metro Area",19940274,571534,160.81091520015963,0.9359619088510196,136.02578911757485
"Cincinnati, OH-KY-IN Metro Area","Columbus, OH Metro Area",2302815,2225377,96.06935775816908,0.2661677422108559,135.87709340725687
"Cleveland, OH Metro Area","Pittsburgh, PA Metro Area",2171877,2429917,101.40743090117476,0.340190686564153,135.70552054454558
"Baltimore-Columbia-Towson, MD Metro Area","Pittsburgh, PA Metro Area",2859024,2429917,130.72161616976828,0.7466898571014708,134.4157440125349
"Cleveland, OH Metro Area","Washington-Arlington-Alexandria, DC-VA-MD-WV Metro Area",2171877,6436489,169.56974203596653,0.8885171973171063,134.08303099590665
"Los Angeles-Long Beach-Anaheim, CA Metro Area","Visalia, CA Metro Area",12927614,483546,120.60092390458968,0.6063464372396115,133.75915366999592
"Allentown-Bethlehem-Easton, PA-NJ Metro Area","Washington-Arlington-Alexandria, DC-VA-MD-WV Metro Area",886418,6436489,111.67945305360993,0.48263259468634295,133.62060405505517
"Cincinnati, OH-KY-IN Metro Area","Indianapolis-Carmel-Greenwood, IN Metro Area",2302815,2174833,95.72854797008947,0.2614417402805277,132.93341385807847
"Chicago-Naperville-Elgin, IL-IN Metro Area","Dayton-Kettering-Beavercreek, OH Metro Area",9408576,821740,143.54739380746042,0.9245446370807638,132.71664561275438
"Sacramento-Roseville-Folsom, CA Metro Area","San Jose-Sunnyvale-Santa Clara, CA Metro Area",2463127,1995484,91.90255109133359,0.20838672464757063,130.42452965089623
"Detroit-Warren-Dearborn, MI Metro Area","Washington-Arlington-Alexandria, DC-VA-MD-WV Metro Area",4400578,6436489,201.9545189198588,0.7130957138068804,129.90119244250366
"Jacksonville, FL Metro Area","Orlando-Kissimmee-Sanford, FL Metro Area",1760548,2940513,105.06917379286071,0.39096799572532537,129.13916980738344
"Atlanta-Sandy Springs-Roswell, GA Metro Area","Jacksonville, FL Metro Area",6411149,1760548,162.77227297412531,0.9253376488279559,128.15544149992277
"Jacksonville, FL Metro Area","Tampa-St. Petersburg-Clearwater, FL Metro Area",1760548,3424560,121.81058702916522,0.6231208095192451,127.43953264151345
"Miami-Fort Lauderdale-West Palm Beach, FL Metro Area","North Port-Bradenton-Sarasota, FL Metro Area",6457988,934956,125.20190513198254,0.6701481440056787,123.35127880686682
"Detroit-Warren-Dearborn, MI Metro Area","Grand Rapids-Wyoming-Kentwood, MI Metro Area",4400578,1178826,110.53744566511125,0.46679640302968567,122.87551662764832
"Fresno, CA Metro Area","San Francisco-Oakland-Fremont, CA Metro Area",1189557,4648486,118.36415181203212,0.5753291672055093,121.03913761619452
"Cleveland, OH Metro Area","Columbus, OH Metro Area",2171877,2225377,105.52460072602346,0.3972833911175131,120.0748191366532
"New York-Newark-Jersey City, NY-NJ Metro Area","Utica-Rome, NY Metro Area",19940274,287932,123.6593680842293,0.6487578162619781,119.11981598257287
"Columbus, OH Metro Area","Pittsburgh, PA Metro Area",2225377,2429917,118.34159690591838,0.5750163988122289,118.39235024042989
"Boston-Cambridge-Newton, MA-NH Metro Area","Bridgeport-Stamford-Danbury, CT Metro Area",5025517,972679,109.27023593196841,0.4492240331787225,117.23275912818828
"Binghamton, NY Metro Area","New York-Newark-Jersey City, NY-NJ Metro Area",243971,19940274,109.65653353202353,0.45458081360990865,116.2338528576223
"Hagerstown-Martinsburg, MD-WV Metro Area","New York-Newark-Jersey City, NY-NJ Metro Area",311295,19940274,135.5146245514406,0.8131544002458999,114.71472010793971
"New York-Newark-Jersey City, NY-NJ Metro Area","Raleigh-Cary, NC Metro Area",19940274,1562009,212.5734971432497,0.6555749558288768,113.67993269442272
"Columbus, OH Metro Area","Washington-Arlington-Alexandria, DC-VA-MD-WV Metro Area",2225377,6436489,177.59846399880283,0.8450273093842238,113.42925355037798
"Charlotte-Concord-Gastonia, NC-SC Metro Area","Raleigh-Cary, NC Metro Area",2883370,1562009,106.76326973761793,0.41445998740255086,110.62716387717995
"Albany-Schenectady-Troy, NY Metro Area","Philadelphia-Camden-Wilmington, PA-NJ-DE-MD Metro Area",913485,6330422,132.20941873624759,0.7673211829819515,110.28807930661162
"Albany-Schenectady-Troy, NY Metro Area","Boston-Cambridge-Newton, MA-NH Metro Area",913485,5025517,110.04364855690162,0.45994892925336356,109.26947325000965
"Atlanta-Sandy Springs-Roswell, GA Metro Area","Columbia, SC Metro Area",6411149,870193,129.60232334164107,0.7311686477602192,109.12557488461788
"Kiryas Joel-Poughkeepsie-Newburgh, NY Metro Area","Philadelphia-Camden-Wilmington, PA-NJ-DE-MD Metro Area",711730,6330422,108.65551437275604,0.4406997026663221,108.70050376807693
"Lakeland-Winter Haven, FL Metro Area","Miami-Fort Lauderdale-West Palm Beach, FL Metro Area",852878,6457988,128.85122205573637,0.720753142539377,108.53064540697359
"Las Vegas-Henderson-North Las Vegas, NV Metro Area","San Diego-Chula Vista-Carlsbad, CA Metro Area",2398871,3298799,155.49532734109073,0.9647553234640014,108.49773956791665
"Baltimore-Columbia-Towson, MD Metro Area","Virginia Beach-Chesapeake-Norfolk, VA-NC Metro Area",2859024,1794278,121.95397079940577,0.6251091091474711,108.2754678233846
"Detroit-Warren-Dearborn, MI Metro Area","Milwaukee-Waukesha, WI Metro Area",4400578,1574452,150.68336700593727,0.9908206943514208,108.18920882163552
"Columbus, OH Metro Area","New York-Newark-Jersey City, NY-NJ Metro Area",2225377,19940274,231.63152543306805,0.5523416494094451,107.83342165248362
"Kansas City, MO-KS Metro Area","St. Louis, MO-IL Metro Area",2253579,2811927,145.70913624244128,0.9545214724825828,106.71200898829676
"Indianapolis-Carmel-Greenwood, IN Metro Area","St. Louis, MO-IL Metro Area",2174833,2811927,142.99264007714265,0.9168518791493928,105.50061145864551
"Harrisburg-Carlisle, PA Metro Area","Washington-Arlington-Alexandria, DC-VA-MD-WV Metro Area",615361,6436489,94.13563233755262,0.23935281379564655,105.44030028289873
"Dallas-Fort Worth-Arlington, TX Metro Area","Killeen-Temple, TX Metro Area",8344032,509487,105.76495934301434,0.40061643883973536,105.3844841301606
"Baton Rouge, LA Metro Area","Houston-Pasadena-The Woodlands, TX Metro Area",882652,7796182,151.72300022148295,0.985189221217257,104.43345066613429
"Chicago-Naperville-Elgin, IL-IN Metro Area","Toledo, OH Metro Area",9408576,601396,135.84971141782677,0.8178010425453829,104.23875806437037
"Harrisburg-Carlisle, PA Metro Area","Philadelphia-Camden-Wilmington, PA-NJ-DE-MD Metro Area",615361,6330422,93.74011318268026,0.23386815826406382,103.71597567442572
"Columbus, OH Metro Area","Indianapolis-Carmel-Greenwood, IN Metro Area",2225377,2174833,120.5692042699648,0.605906581755087,103.5944394318492
"Chicago-Naperville-Elgin, IL-IN Metro Area","Fort Wayne, IN Metro Area",9408576,462978,110.21118236829038,0.46227211697775356,103.51089309699663
"Bakersfield-Delano, CA Metro Area","Riverside-San Bernardino-Ontario, CA Metro Area",922529,4744214,111.10537076928782,0.4746718081163292,103.08836492267758
"Oxnard-Thousand Oaks-Ventura, CA Metro Area","Riverside-San Bernardino-Ontario, CA Metro Area",835427,4744214,100.66560174589557,0.32990375777734265,102.47327953676123
"Riverside-San Bernardino-Ontario, CA Metro Area","San Francisco-Oakland-Fremont, CA Metro Area",4744214,4648486,201.64110780685624,0.7147933954857941,101.83163130809103
"Philadelphia-Camden-Wilmington, PA-NJ-DE-MD Metro Area","Rochester, NY Metro Area",6330422,1057218,151.84876875943047,0.9845079596607929,101.2219655227566
"Atlanta-Sandy Springs-Roswell, GA Metro Area","Chattanooga, TN-GA Metro Area",6411149,588050,97.4293000892794,0.2850260329840671,99.40683402562065
"Atlanta-Sandy Springs-Roswell, GA Metro Area","Augusta-Richmond County, GA-SC Metro Area",6411149,636760,109.77660009327184,0.45624577400739225,97.42379473596577
"Chicago-Naperville-Elgin, IL-IN Metro Area","Lansing-East Lansing, MI Metro Area",9408576,479971,120.47544212331229,0.6046063841035807,96.75168144146912
"Baltimore-Columbia-Towson, MD Metro Area","Richmond, VA Metro Area",2859024,1370165,106.43737225485441,0.4099407740862081,96.51204459265146
"Lancaster, PA Metro Area","Washington-Arlington-Alexandria, DC-VA-MD-WV Metro Area",563293,6436489,91.46914686008256,0.2023767175845513,96.02382387406072
"Kingston, NY Metro Area","New York-Newark-Jersey City, NY-NJ Metro Area",182977,19940274,90.23432749118157,0.18525350421114595,95.82932562164531
"Philadelphia-Camden-Wilmington, PA-NJ-DE-MD Metro Area","Scranton--Wilkes-Barre, PA Metro Area",6330422,574009,97.460167888632,0.2854540760873695,95.79727935583168
"Miami-Fort Lauderdale-West Palm Beach, FL Metro Area","Port St. Lucie, FL Metro Area",6457988,556336,97.81394233127264,0.29035985860095676,94.55229182445683
"Philadelphia-Camden-Wilmington, PA-NJ-DE-MD Metro Area","Worcester, MA Metro Area",6330422,881248,145.36440312955835,0.9497410658924053,94.2296132551206
"Miami-Fort Lauderdale-West Palm Beach, FL Metro Area","Palm Bay-Melbourne-Titusville, FL Metro Area",6457988,658447,117.27536142156211,0.5602309345048638,94.11405103225106
"Fresno, CA Metro Area","Riverside-San Bernardino-Ontario, CA Metro Area",1189557,4744214,146.844666350214,0.9702678438280724,94.09355252323567
"Chicago-Naperville-Elgin, IL-IN Metro Area","Pittsburgh, PA Metro Area",9408576,2429917,207.46428284438608,0.6832504885364716,93.0950529022434
"Dover, DE Metro Area","New York-Newark-Jersey City, NY-NJ Metro Area",192690,19940274,108.36033419740211,0.4366064455847756,92.96229910559526
"Nashville-Davidson--Murfreesboro--Franklin, TN Metro Area","St. Louis, MO-IL Metro Area",2150553,2811927,151.29230131093254,0.9875222260764805,92.86194218426641
"Bridgeport-Stamford-Danbury, CT Metro Area","Washington-Arlington-Alexandria, DC-VA-MD-WV Metro Area",972679,6436489,152.63151923786978,0.9802679659551556,92.69382621099638
"Buffalo-Cheektowaga, NY Metro Area","Detroit-Warren-Dearborn, MI Metro Area",1160172,4400578,137.6050272653054,0.8421419692842044,92.52150838733844
"Charlotte-Concord-Gastonia, NC-SC Metro Area","New York-Newark-Jersey City, NY-NJ Metro Area",2883370,19940274,251.3731443360903,0.4454054772913603,90.62125388249686
"Chicago-Naperville-Elgin, IL-IN Metro Area","Nashville-Davidson--Murfreesboro--Franklin, TN Metro Area",9408576,2150553,203.25549186340757,0.7060486186676362,90.21756402240713
"Los Angeles-Long Beach-Anaheim, CA Metro Area","Stockton-Lodi, CA Metro Area",12927614,816108,174.98040972459683,0.8592087553870194,88.86321117741619
"Jacksonville, FL Metro Area","Miami-Fort Lauderdale-West Palm Beach, FL Metro Area",1760548,6457988,178.26191776061955,0.8414335207484215,88.65027356851284
"Cincinnati, OH-KY-IN Metro Area","Cleveland, OH Metro Area",2302815,2171877,140.13414721832652,0.8772132207507735,88.54605294906769
"Detroit-Warren-Dearborn, MI Metro Area","Philadelphia-Camden-Wilmington, PA-NJ-DE-MD Metro Area",4400578,6330422,219.1262035477774,0.6200803318390186,88.41214762797773
"Buffalo-Cheektowaga, NY Metro Area","Philadelphia-Camden-Wilmington, PA-NJ-DE-MD Metro Area",1160172,6330422,160.69579581309372,0.936585486210601,87.91941501102302
"Barnstable Town, MA Metro Area","New York-Newark-Jersey City, NY-NJ Metro Area",232570,19940274,133.6478848828437,0.7872683617992932,87.23525950103335
"Baltimore-Columbia-Towson, MD Metro Area","Boston-Cambridge-Newton, MA-NH Metro Area",2859024,5025517,189.53433102264827,0.7803732434380359,86.60364005003578
"Cincinnati, OH-KY-IN Metro Area","Louisville/Jefferson County, KY-IN Metro Area",2302815,1394234,92.1787336742747,0.21221654252767722,85.27879526556814
"Houston-Pasadena-The Woodlands, TX Metro Area","Killeen-Temple, TX Metro Area",7796182,509487,120.85646800624889,0.6098900617479639,84.77311622750425
"Atlanta-Sandy Springs-Roswell, GA Metro Area","Tampa-St. Petersburg-Clearwater, FL Metro Area",6411149,3424560,210.155442825753,0.6686730443877191,84.38734233199902
"Chicago-Naperville-Elgin, IL-IN Metro Area","Kansas City, MO-KS Metro Area",9408576,2253579,208.60379326533754,0.6770780017154152,84.25207369392015
"Greensboro-High Point, NC Metro Area","Washington-Arlington-Alexandria, DC-VA-MD-WV Metro Area",800722,6436489,149.12344349713115,0.9992704699067174,84.0301098098306
"Chicago-Naperville-Elgin, IL-IN Metro Area","Peoria, IL Metro Area",9408576,364565,107.04801532081385,0.418408548221238,84.02756992740328
"Cleveland, OH Metro Area","Philadelphia-Camden-Wilmington, PA-NJ-DE-MD Metro Area",2171877,6330422,189.04900363823015,0.7830021591803924,83.77733436466258
"New Haven, CT Metro Area","Philadelphia-Camden-Wilmington, PA-NJ-DE-MD Metro Area",576718,6330422,114.0992147606484,0.516187377730678,83.45005507866266
"Cincinnati, OH-KY-IN Metro Area","Nashville-Davidson--Murfreesboro--Franklin, TN Metro Area",2302815,2150553,145.8044940183529,0.9558437966903742,83.32610047239605
"Cincinnati, OH-KY-IN Metro Area","Pittsburgh, PA Metro Area",2302815,2429917,152.61077522756707,0.980380331869372,82.89475291379392
"New York-Newark-Jersey City, NY-NJ Metro Area","Vineland, NJ Metro Area",19940274,155678,96.19220109413429,0.2678712080830386,82.27339342691634
"Chicago-Naperville-Elgin, IL-IN Metro Area","Rockford, IL Metro Area",9408576,337103,88.77695841794345,0.16504419892055194,81.92227456817037
"Atlanta-Sandy Springs-Roswell, GA Metro Area","Cincinnati, OH-KY-IN Metro Area",6411149,2302815,193.3416019017336,0.7597500627340605,81.7597076200708
"Atlanta-Sandy Springs-Roswell, GA Metro Area","Huntsville, AL Metro Area",6411149,542297,111.42285018949075,0.4790742883419498,81.63354342606375
"Atlanta-Sandy Springs-Roswell, GA Metro Area","Orlando-Kissimmee-Sanford, FL Metro Area",6411149,2940513,204.70633518632175,0.6981897073971034,81.46336177656248
"Chicago-Naperville-Elgin, IL-IN Metro Area","Davenport-Moline-Rock Island, IA-IL Metro Area",9408576,381801,115.506669710538,0.5357045249567253,80.94703256614258
"Deltona-Daytona Beach-Ormond Beach, FL Metro Area","Miami-Fort Lauderdale-West Palm Beach, FL Metro Area",739516,6457988,145.4586736301104,0.9510483128763975,80.60093752213457
"Buffalo-Cheektowaga, NY Metro Area","Washington-Arlington-Alexandria, DC-VA-MD-WV Metro Area",1160172,6436489,164.9628464184288,0.9134717760224852,80.24174173781466
"Beaumont-Port Arthur, TX Metro Area","Houston-Pasadena-The Woodlands, TX Metro Area",398733,7796182,88.54019459344589,0.1617610001077705,80.00720786282109
"Los Angeles-Long Beach-Anaheim, CA Metro Area","San Luis Obispo-Paso Robles, CA Metro Area",12927614,281843,118.1940887655636,0.5729709066331928,79.89239802404744
"Indianapolis-Carmel-Greenwood, IN Metro Area","Louisville/Jefferson County, KY-IN Metro Area",2174833,1394234,98.52498585983483,0.30021988377061837,79.49156760470862
"Boston-Cambridge-Newton, MA-NH Metro Area","Kiryas Joel-Poughkeepsie-Newburgh, NY Metro Area",5025517,711730,117.00441507180027,0.5564737273565448,79.3832175307911
"Akron, OH Metro Area","Detroit-Warren-Dearborn, MI Metro Area",702209,4400578,102.12163574113872,0.3500945495703724,79.02345423629869
"Amherst Town-Northampton, MA Metro Area","New York-Newark-Jersey City, NY-NJ Metro Area",165399,19940274,109.76180602557702,0.45604062499193376,78.71912660020877
"Cape Coral-Fort Myers, FL Metro Area","Tampa-St. Petersburg-Clearwater, FL Metro Area",860959,3424560,96.33552395670267,0.2698586631058974,78.10264859923295
"Philadelphia-Camden-Wilmington, PA-NJ-DE-MD Metro Area","York-Hanover, PA Metro Area",6330422,471240,89.82338886140377,0.1795550271558961,78.04829090276067
"Los Angeles-Long Beach-Anaheim, CA Metro Area","Salinas, CA Metro Area",12927614,436251,155.24167158,0.9661293230463046,77.84685264474835
"Los Angeles-Long Beach-Anaheim, CA Metro Area","Modesto, CA Metro Area",12927614,556972,165.1781893264322,0.9123053090580591,76.95654521458307
"Lexington Park, MD Metro Area","New York-Newark-Jersey City, NY-NJ Metro Area",211382,19940274,136.94404714687272,0.8329761723356386,76.85757058563163
"San Francisco-Oakland-Fremont, CA Metro Area","Stockton-Lodi, CA Metro Area",4648486,816108,82.64730768425015,0.08004446530696474,76.7294899028317
"Charlotte-Concord-Gastonia, NC-SC Metro Area","Greenville-Anderson-Greer, SC Metro Area",2883370,996680,92.9644647757664,0.22311225864924877,76.47024750376902
"Boston-Cambridge-Newton, MA-NH Metro Area","Portland-South Portland, ME Metro Area",5025517,571534,95.48928996828721,0.2581239547652252,76.2889273396471
"Atlanta-Sandy Springs-Roswell, GA Metro Area","Charleston-North Charleston, SC Metro Area",6411149,869940,155.8940692063926,0.9625954231565305,75.66420414955552
"Washington-Arlington-Alexandria, DC-VA-MD-WV Metro Area","York-Hanover, PA Metro Area",6436489,471240,86.94404400411844,0.13962721454732369,75.60329023861895
"Chicago-Naperville-Elgin, IL-IN Metro Area","South Bend-Mishawaka, IN-MI Metro Area",9408576,325294,86.07254510726752,0.1275421582700258,74.42037578207143
"Atlanta-Sandy Springs-Roswell, GA Metro Area","Louisville/Jefferson County, KY-IN Metro Area",6411149,1394234,175.48723579520058,0.856463385810884,74.39048145277803
"Philadelphia-Camden-Wilmington, PA-NJ-DE-MD Metro Area","Syracuse, NY Metro Area",6330422,655189,139.22358714030867,0.864586503922481,74.04635883821847
"Scranton--Wilkes-Barre, PA Metro Area","Washington-Arlington-Alexandria, DC-VA-MD-WV Metro Area",574009,6436489,127.56168076590437,0.7028711014767537,73.73055992552335
"Boston-Cambridge-Newton, MA-NH Metro Area","New Haven, CT Metro Area",5025517,576718,103.45234444017936,0.3685474582025068,73.31895185036225
"Indianapolis-Carmel-Greenwood, IN Metro Area","Nashville-Davidson--Murfreesboro--Franklin, TN Metro Area",2174833,2150553,150.6125779520478,0.9912041436768275,73.17575331507874
"Hartford-West Hartford-East Hartford, CT Metro Area","Washington-Arlington-Alexandria, DC-VA-MD-WV Metro Area",1169048,6436489,169.01049931885075,0.8915464967756285,73.16337248058394
"Reading, PA Metro Area","Washington-Arlington-Alexandria, DC-VA-MD-WV Metro Area",439117,6436489,101.45154050881094,0.3408023535353663,72.65332893740967
"Kiryas Joel-Poughkeepsie-Newburgh, NY Metro Area","Washington-Arlington-Alexandria, DC-VA-MD-WV Metro Area",711730,6436489,150.2110653305249,0.993379052584434,72.47107102046031
"Dayton-Kettering-Beavercreek, OH Metro Area","Detroit-Warren-Dearborn, MI Metro Area",821740,4400578,127.57151662603064,0.7030074951355306,72.15754924935564
"North Port-Bradenton-Sarasota, FL Metro Area","Orlando-Kissimmee-Sanford, FL Metro Area",934956,2940513,99.20818878838824,0.3096938439445407,71.77914643425804
"Lebanon, PA Metro Area","New York-Newark-Jersey City, NY-NJ Metro Area",145319,19940274,106.45513806757995,0.41018713222547326,71.37942509444126
"Corpus Christi, TX Metro Area","Houston-Pasadena-The Woodlands, TX Metro Area",450187,7796182,125.85748518049128,0.6792390583018754,71.23481256889
"New York-Newark-Jersey City, NY-NJ Metro Area","Trenton-Princeton, NJ Metro Area",19940274,392138,78.63403257371658,0.02439246650085127,71.1896846707426
"Miami-Fort Lauderdale-West Palm Beach, FL Metro Area","Naples-Marco Island, FL Metro Area",6457988,416233,97.11808993587766,0.28071048854503644,70.97839016388244
"Rochester, NY Metro Area","Washington-Arlington-Alexandria, DC-VA-MD-WV Metro Area",1057218,6436489,166.35425303392122,0.9059348208187877,70.63270048714998
"Houston-Pasadena-The Woodlands, TX Metro Area","McAllen-Edinburg-Mission, TX Metro Area",7796182,914820,168.61765813035856,0.8936744343654501,70.01661096250761
"Durham-Chapel Hill, NC Metro Area","Washington-Arlington-Alexandria, DC-VA-MD-WV Metro Area",620522,6436489,141.3356242301146,0.8938740763821522,69.94005195267015
"Chicago-Naperville-Elgin, IL-IN Metro Area","Flint, MI Metro Area",9408576,402279,137.74025000558504,0.8440171000871859,68.50395418502802
"Dallas-Fort Worth-Arlington, TX Metro Area","Little Rock-North Little Rock-Conway, AR Metro Area",8344032,769258,165.39781013531496,0.9111156696098066,68.22810743109606
"Dallas-Fort Worth-Arlington, TX Metro Area","Waco, TX Metro Area",8344032,307123,91.43888261719255,0.20195704398560915,67.86066400648207
"Louisville/Jefferson County, KY-IN Metro Area","Nashville-Davidson--Murfreesboro--Franklin, TN Metro Area",1394234,2150553,115.8558343430935,0.540546383333968,67.3266026208916
"Bakersfield-Delano, CA Metro Area","San Francisco-Oakland-Fremont, CA Metro Area",922529,4648486,150.5448526166885,0.9915709974872632,67.21912259528655
"Philadelphia-Camden-Wilmington, PA-NJ-DE-MD Metro Area","Raleigh-Cary, NC Metro Area",6330422,1562009,184.30421554575474,0.8087036722433923,67.07163546888877
"Ann Arbor, MI Metro Area","Chicago-Naperville-Elgin, IL-IN Metro Area",373875,9408576,132.5232846399329,0.7716735546524929,66.88581314922689
"Lancaster, PA Metro Area","Philadelphia-Camden-Wilmington, PA-NJ-DE-MD Metro Area",563293,6330422,81.85570075772483,0.06906726924725061,66.82128632750349
"Providence-Warwick, RI-MA Metro Area","Washington-Arlington-Alexandria, DC-VA-MD-WV Metro Area",1700901,6436489,189.02932759720156,0.7831087401310415,66.73878137397314
"Modesto, CA Metro Area","San Francisco-Oakland-Fremont, CA Metro Area",556972,4648486,88.22597786888412,0.15740376361175373,66.29289893915882
"Charlotte-Concord-Gastonia, NC-SC Metro Area","Columbia, SC Metro Area",2883370,870193,90.7893105542027,0.19294944229413413,66.18576025781995
"Allentown-Bethlehem-Easton, PA-NJ Metro Area","Baltimore-Columbia-Towson, MD Metro Area",886418,2859024,99.18807152844664,0.3094148783377938,66.17512616419467
"Cleveland, OH Metro Area","Indianapolis-Carmel-Greenwood, IN Metro Area",2171877,2174833,154.70457384780326,0.9690386678075708,66.14017515937984
"Dallas-Fort Worth-Arlington, TX Metro Area","Shreveport-Bossier City, LA Metro Area",8344032,383269,124.18117370654447,0.6559936834951734,66.00380974868911
"Richmond, VA Metro Area","Virginia Beach-Chesapeake-Norfolk, VA-NC Metro Area",1370165,1794278,93.60912469978913,0.23205174381633764,65.454277828324
"Philadelphia-Camden-Wilmington, PA-NJ-DE-MD Metro Area","Waterbury-Shelton, CT Metro Area",6330422,462220,116.4578499093333,0.548894520117739,65.30202098210647
"Louisville/Jefferson County, KY-IN Metro Area","St. Louis, MO-IL Metro Area",1394234,2811927,147.10393933431567,0.9738631766682782,65.21793806847231
"Fresno, CA Metro Area","Sacramento-Roseville-Folsom, CA Metro Area",1189557,2463127,116.91073793368119,0.555174708516526,65.0906041743689
"Chicago-Naperville-Elgin, IL-IN Metro Area","Kalamazoo-Portage, MI Metro Area",9408576,264780,99.12541232815934,0.3085459845681069,65.0752912798923
"Chicago-Naperville-Elgin, IL-IN Metro Area","Des Moines-West Des Moines, IA Metro Area",9408576,753913,171.61641995561743,0.87743077611927,64.74508674871316
"Akron, OH Metro Area","New York-Newark-Jersey City, NY-NJ Metro Area",702209,19940274,201.66138584483053,0.7146835536450776,64.62690093036929
"Dallas-Fort Worth-Arlington, TX Metro Area","Fayetteville-Springdale-Rogers, AR Metro Area",8344032,605615,158.1432552609002,0.9504120582444666,64.6202458594262
"Allentown-Bethlehem-Easton, PA-NJ Metro Area","Boston-Cambridge-Newton, MA-NH Metro Area",886418,5025517,153.4449393701305,0.9758618412247049,64.52099817313436
"Deltona-Daytona Beach-Ormond Beach, FL Metro Area","Tampa-St. Petersburg-Clearwater, FL Metro Area",739516,3424560,102.69890667938077,0.35809955313504915,64.46554004156879
"Washington-Arlington-Alexandria, DC-VA-MD-WV Metro Area","Winston-Salem, NC Metro Area",6436489,705187,154.32796881811555,0.9710786575608458,64.19951898818215
"Houston-Pasadena-The Woodlands, TX Metro Area","New Orleans-Metairie, LA Metro Area",7796182,966230,174.50791891448918,0.8617681381226547,64.1633273915267
"Cincinnati, OH-KY-IN Metro Area","Washington-Arlington-Alexandria, DC-VA-MD-WV Metro Area",2302815,6436489,204.68254072258696,0.6983185969720618,64.08176090007561
"Charlotte-Concord-Gastonia, NC-SC Metro Area","Richmond, VA Metro Area",2883370,1370165,149.33920361199932,0.9981017430209891,64.02784826975784
"Burlington-South Burlington, VT Metro Area","New York-Newark-Jersey City, NY-NJ Metro Area",229445,19940274,154.82409845486603,0.968391228303445,63.85988375173686
"Chicago-Naperville-Elgin, IL-IN Metro Area","Green Bay, WI Metro Area",9408576,334697,125.98519611911425,0.6810100231144094,63.832403714171136
"New York-Newark-Jersey City, NY-NJ Metro Area","Pittsfield, MA Metro Area",19940274,128726,105.51926869790996,0.3972094519994528,63.77220295869352
"Memphis, TN-MS-AR Metro Area","St. Louis, MO-IL Metro Area",1339345,2811927,146.64241286354425,0.9674631991205282,62.90351029673463
"Atlanta-Sandy Springs-Roswell, GA Metro Area","Raleigh-Cary, NC Metro Area",6411149,1562009,187.99526709037144,0.7887100270813213,62.48185922399165
"Atlanta-Sandy Springs-Roswell, GA Metro Area","Memphis, TN-MS-AR Metro Area",6411149,1339345,181.33700241498485,0.8247764378874738,62.342333613677575
"Dallas-Fort Worth-Arlington, TX Metro Area","Longview, TX Metro Area",8344032,295490,103.6646075018729,0.37149090546953967,62.26053029380441
"Oxnard-Thousand Oaks-Ventura, CA Metro Area","San Diego-Chula Vista-Carlsbad, CA Metro Area",835427,3298799,115.81356600617724,0.5399602492238428,61.908689346435565
"Houston-Pasadena-The Woodlands, TX Metro Area","Lafayette, LA Metro Area",7796182,419704,133.15982112168751,0.7805003922220566,61.83835592794632
"Columbus, OH Metro Area","Louisville/Jefferson County, KY-IN Metro Area",2225377,1394234,128.20758487404328,0.7118278397179635,61.52532140723927
"Riverside-San Bernardino-Ontario, CA Metro Area","San Jose-Sunnyvale-Santa Clara, CA Metro Area",4744214,1995484,186.57305179786727,0.7964138663690365,60.99213447835204
"Chambersburg, PA Metro Area","New York-Newark-Jersey City, NY-NJ Metro Area",159285,19940274,132.01746382889237,0.7646593484501194,60.68807459274679
"Raleigh-Cary, NC Metro Area","Virginia Beach-Chesapeake-Norfolk, VA-NC Metro Area",1562009,1794278,119.68720117071517,0.593675863931234,60.5292411612379
"New York-Newark-Jersey City, NY-NJ Metro Area","State College, PA Metro Area",19940274,159805,132.71863945832578,0.7743825356768519,60.47704281616176
"Charlotte-Concord-Gastonia, NC-SC Metro Area","Greensboro-High Point, NC Metro Area",2883370,800722,89.92537631825907,0.18096928500536494,60.46621273377764
"Boston-Cambridge-Newton, MA-NH Metro Area","Springfield, MA Metro Area",5025517,464151,88.95029806334381,0.16744789601910187,60.39745717383838
"Baltimore-Columbia-Towson, MD Metro Area","Raleigh-Cary, NC Metro Area",2859024,1562009,156.13075018951122,0.9613133723545075,60.20695389067511
"Cincinnati, OH-KY-IN Metro Area","St. Louis, MO-IL Metro Area",2302815,2811927,170.88405873318018,0.8813978218879007,60.1591702499783
"Milwaukee-Waukesha, WI Metro Area","Minneapolis-St. Paul-Bloomington, MN-WI Metro Area",1574452,3757952,167.39591527062294,0.9002923569063785,59.854070530997156
"Cape Coral-Fort Myers, FL Metro Area","Orlando-Kissimmee-Sanford, FL Metro Area",860959,2940513,110.77346215769101,0.470069238606992,59.82722386339493
"Fresno, CA Metro Area","San Jose-Sunnyvale-Santa Clara, CA Metro Area",1189557,1995484,104.51497332880929,0.3832829099252551,59.50394073631003
"Boston-Cambridge-Newton, MA-NH Metro Area","Waterbury-Shelton, CT Metro Area",5025517,462220,101.95067876521935,0.3477238928977734,59.48274882379492
"Atlanta-Sandy Springs-Roswell, GA Metro Area","Washington-Arlington-Alexandria, DC-VA-MD-WV Metro Area",6411149,6436489,255.43439069046198,0.4234065651809382,59.28509398948093
"College Station-Bryan, TX Metro Area","Houston-Pasadena-The Woodlands, TX Metro Area",287462,7796182,89.96115528270283,0.1814654311283363,58.714343238860806
"Asheville, NC Metro Area","Atlanta-Sandy Springs-Roswell, GA Metro Area",422333,6411149,119.39003093854622,0.5895550107750495,58.65339039865668
"Palm Bay-Melbourne-Titusville, FL Metro Area","Tampa-St. Petersburg-Clearwater, FL Metro Area",658447,3424560,101.13566111247678,0.3364220608059883,58.10026434877705
"Buffalo-Cheektowaga, NY Metro Area","Pittsburgh, PA Metro Area",1160172,2429917,124.34938726065884,0.6583262971971781,58.085962830993594
"Atlanta-Sandy Springs-Roswell, GA Metro Area","Chicago-Naperville-Elgin, IL-IN Metro Area",6411149,9408576,272.1784296324447,0.33270764940064895,57.77302311361283
"Atlanta-Sandy Springs-Roswell, GA Metro Area","Montgomery, AL Metro Area",6411149,387885,112.69263577370204,0.4966823774637425,57.653112962630864
"Baltimore-Columbia-Towson, MD Metro Area","Cleveland, OH Metro Area",2859024,2171877,170.94083712508368,0.8810902653537075,57.60969216124496
"Trenton-Princeton, NJ Metro Area","Washington-Arlington-Alexandria, DC-VA-MD-WV Metro Area",392138,6436489,114.79714011252719,0.5258654934291432,57.286442096519245
"Champaign-Urbana, IL Metro Area","Chicago-Naperville-Elgin, IL-IN Metro Area",242453,9408576,105.35677718303857,0.39495618569137164,56.757205532608566
"Los Angeles-Long Beach-Anaheim, CA Metro Area","Merced, CA Metro Area",12927614,296774,152.731086085478,0.9797286334107788,56.65057681125251
"Indianapolis-Carmel-Greenwood, IN Metro Area","Milwaukee-Waukesha, WI Metro Area",2174833,1574452,147.73370002899446,0.9825960545456047,56.65033283030711
"Charlotte-Concord-Gastonia, NC-SC Metro Area","Knoxville, TN Metro Area",2883370,957608,124.93317302814707,0.6664216417575366,56.559945653898204
"Baltimore-Columbia-Towson, MD Metro Area","Detroit-Warren-Dearborn, MI Metro Area",2859024,4400578,202.8895573993219,0.7080308082250192,56.54363171791971
"Chicago-Naperville-Elgin, IL-IN Metro Area","Lafayette-West Lafayette, IN Metro Area",9408576,229701,99.04205865749331,0.3073901210270764,56.48280700085763
"New York-Newark-Jersey City, NY-NJ Metro Area","Youngstown-Warren, OH Metro Area",19940274,426086,185.3651560245583,0.8029567821729426,56.256391009646535
"Atlantic City-Hammonton, NJ Metro Area","Washington-Arlington-Alexandria, DC-VA-MD-WV Metro Area",372989,6436489,111.75168347106099,0.48363421231659226,56.184705460734754
"Philadelphia-Camden-Wilmington, PA-NJ-DE-MD Metro Area","Springfield, MA Metro Area",6330422,464151,132.12844668253464,0.7661983452714903,56.08219518872771
"Bakersfield-Delano, CA Metro Area","San Diego-Chula Vista-Carlsbad, CA Metro Area",922529,3298799,136.46831005976003,0.8263791364796794,55.738752208302806
"Memphis, TN-MS-AR Metro Area","Nashville-Davidson--Murfreesboro--Franklin, TN Metro Area",1339345,2150553,130.75246323253663,0.7471176126510095,55.71260407367298
"Chicago-Naperville-Elgin, IL-IN Metro Area","Washington-Arlington-Alexandria, DC-VA-MD-WV Metro Area",9408576,6436489,273.8975804722414,0.3233953730871139,55.475341997028224
"Atlanta-Sandy Springs-Roswell, GA Metro Area","Spartanburg, SC Metro Area",6411149,395934,118.67241107522489,0.5796037917140932,55.3894453682653
"Atlanta-Sandy Springs-Roswell, GA Metro Area","Columbus, GA-AL Metro Area",6411149,324343,94.42434162908273,0.2433563392717287,55.342245803244985
"Dallas-Fort Worth-Arlington, TX Metro Area","Tyler, TX Metro Area",8344032,249091,93.13105778605114,0.22542240030515936,55.317871940245475
"Pittsburgh, PA Metro Area","Richmond, VA Metro Area",2429917,1370165,147.56072075855658,0.9801973547588335,55.16507094243702
"Detroit-Warren-Dearborn, MI Metro Area","Lansing-East Lansing, MI Metro Area",4400578,479971,89.44643247542814,0.174327781137498,55.033983938105834
"Columbus, OH Metro Area","Philadelphia-Camden-Wilmington, PA-NJ-DE-MD Metro Area",2225377,6330422,209.46998431667228,0.6723860280830757,54.94800906226821
"Beaumont-Port Arthur, TX Metro Area","Dallas-Fort Worth-Arlington, TX Metro Area",398733,8344032,148.12814433408118,0.9880658051585516,54.85544737650959
"Akron, OH Metro Area","Chicago-Naperville-Elgin, IL-IN Metro Area",702209,9408576,175.68398931728908,0.8553976136163011,54.72891158638862
"College Station-Bryan, TX Metro Area","Dallas-Fort Worth-Arlington, TX Metro Area",287462,8344032,114.39310786633165,0.5202627870450509,54.663372299664665
"Detroit-Warren-Dearborn, MI Metro Area","Rochester, NY Metro Area",4400578,1057218,161.50544048729006,0.9321998123375684,54.55187022963376
"Houston-Pasadena-The Woodlands, TX Metro Area","Shreveport-Bossier City, LA Metro Area",7796182,383269,137.00911943848357,0.8338785283903067,54.45141130119255
"Charlotte-Concord-Gastonia, NC-SC Metro Area","Virginia Beach-Chesapeake-Norfolk, VA-NC Metro Area",2883370,1794278,165.9748010024863,0.9079902321780795,54.2089588705423
"Dallas-Fort Worth-Arlington, TX Metro Area","Kansas City, MO-KS Metro Area",8344032,2253579,223.65711494271176,0.5955373435886318,54.18673295802093
"Charlotte-Concord-Gastonia, NC-SC Metro Area","Philadelphia-Camden-Wilmington, PA-NJ-DE-MD Metro Area",2883370,6330422,222.39609194798848,0.6023680383088074,54.03172235720136
"Reno, NV Metro Area","San Francisco-Oakland-Fremont, CA Metro Area",575110,4648486,126.89950166738397,0.6936886782973491,53.701484212722114
"Salinas, CA Metro Area","San Francisco-Oakland-Fremont, CA Metro Area",436251,4648486,91.23759323593815,0.19916576850692308,53.642934790276186
"Akron, OH Metro Area","Washington-Arlington-Alexandria, DC-VA-MD-WV Metro Area",702209,6436489,161.17925698546128,0.9339666793440176,53.440293547609215
"Albany-Schenectady-Troy, NY Metro Area","Washington-Arlington-Alexandria, DC-VA-MD-WV Metro Area",913485,6436489,171.8894203376209,0.8759519908189539,53.316018433483556
"Cincinnati, OH-KY-IN Metro Area","New York-Newark-Jersey City, NY-NJ Metro Area",2302815,19940274,264.4989141063686,0.37430595996039046,53.26475119490869
"New York-Newark-Jersey City, NY-NJ Metro Area","Salisbury, MD Metro Area",19940274,131570,126.07620285008709,0.6822720114765216,53.13251801623221
"Detroit-Warren-Dearborn, MI Metro Area","Louisville/Jefferson County, KY-IN Metro Area",4400578,1394234,173.8654640565924,0.8652481801394535,53.06486304674652
"Buffalo-Cheektowaga, NY Metro Area","Cleveland, OH Metro Area",1160172,2171877,122.37869534929806,0.6309987552575756,52.956409963986474
"Houston-Pasadena-The Woodlands, TX Metro Area","Waco, TX Metro Area",7796182,307123,118.58868213496879,0.5784427243178065,52.29163440850679
"Birmingham, AL Metro Area","Nashville-Davidson--Murfreesboro--Franklin, TN Metro Area",1192583,2150553,125.84141603757438,0.6790162278460019,52.06256900954687
"Charleston-North Charleston, SC Metro Area","Charlotte-Concord-Gastonia, NC-SC Metro Area",869940,2883370,123.85772733319111,0.651508459659793,51.93831073188879
"Chicago-Naperville-Elgin, IL-IN Metro Area","Elkhart-Goshen, IN Metro Area",9408576,207436,91.08257461918583,0.19701612871477867,51.57994081730039
"Riverside-San Bernardino-Ontario, CA Metro Area","Sacramento-Roseville-Folsom, CA Metro Area",4744214,2463127,203.74850180340985,0.7033780881473687,51.5511381402368
"Lake Havasu City-Kingman, AZ Metro Area","Los Angeles-Long Beach-Anaheim, CA Metro Area",226479,12927614,141.39747205299312,0.8947317187989307,51.241556768379624
"Atlanta-Sandy Springs-Roswell, GA Metro Area","Winston-Salem, NC Metro Area",6411149,705187,162.86046872312795,0.924859911118513,51.21817814694156
"Glens Falls, NY Metro Area","New York-Newark-Jersey City, NY-NJ Metro Area",125127,19940274,125.00425291726671,0.667407305036399,51.07337628452785
"Raleigh-Cary, NC Metro Area","Richmond, VA Metro Area",1562009,1370165,109.99512923494734,0.4592761128694618,50.96592026370944
